[{
  "_id": {
    "$oid": "6468a7f78e06d90242eab35d"
  },
  "name": "Halal Franchiose",
  "phoneNumber": "234324342342",
  "order": {
    "6465e75f82627d9259c39e13": 1,
    "6465e75f82627d9259c39e18": 1
  }
},
{
  "_id": {
    "$oid": "6469527f33f11363e4b6a540"
  },
  "name": "Hanna Polygot",
  "phoneNumber": "123232434424",
  "order": {
    "6465e75f82627d9259c39e1a": 1
  }
},
{
  "_id": {
    "$oid": "6469529b33f11363e4b6a541"
  },
  "name": "Hanna Polygot",
  "phoneNumber": "123232434424",
  "order": {
    "6465e75f82627d9259c39e13": 4
  }
},
{
  "_id": {
    "$oid": "6469558733f11363e4b6a542"
  },
  "name": "Hello GallowGlass",
  "phoneNumber": "2343424",
  "order": {
    "6465e75f82627d9259c39e11": 1,
    "6465e75f82627d9259c39e14": 1,
    "6465e75f82627d9259c39e18": 2,
    "6465e75f82627d9259c39e19": 5
  }
},
{
  "_id": {
    "$oid": "6469560033f11363e4b6a543"
  },
  "name": "Hallow",
  "phoneNumber": "12323232",
  "order": {
    "6465e75f82627d9259c39e12": 1,
    "6465e75f82627d9259c39e18": 1
  }
},
{
  "_id": {
    "$oid": "6469f60d33f11363e4b6a544"
  },
  "name": "hhfhjhj",
  "phoneNumber": "12356546546",
  "order": {
    "6465e75f82627d9259c39e12": 1,
    "6465e75f82627d9259c39e17": 1,
    "6465e75f82627d9259c39e1a": 1
  }
},
{
  "_id": {
    "$oid": "646aaea633f11363e4b6a545"
  },
  "name": "Flix Jamerson",
  "phoneNumber": "1121232323",
  "order": {
    "6465e75f82627d9259c39e14": 1
  }
},
{
  "_id": {
    "$oid": "646cb4e276c320018b6215a6"
  },
  "name": "Genesis Tester",
  "phoneNumber": "1234345523",
  "order": {
    "6465e75f82627d9259c39e19": 2
  }
},
{
  "_id": {
    "$oid": "646cb7b476c320018b6215a7"
  },
  "name": "Jarvis Pinnochio",
  "phoneNumber": "778454541210",
  "order": {
    "6465e75f82627d9259c39e14": 2,
    "6465e75f82627d9259c39e19": 2
  }
},
{
  "_id": {
    "$oid": "646cb7bb76c320018b6215a8"
  },
  "name": "Jarvis Pinnochio",
  "phoneNumber": "778454541210",
  "order": {}
},
{
  "_id": {
    "$oid": "646cb82176c320018b6215a9"
  },
  "name": "Ginger Head",
  "phoneNumber": "7846565323",
  "order": {
    "6465e75f82627d9259c39e14": 2,
    "6465e75f82627d9259c39e19": 1
  }
},
{
  "_id": {
    "$oid": "646f3e9daebac60659ecdbdc"
  },
  "name": "test",
  "phoneNumber": "123456",
  "order": {
    "6465e75f82627d9259c39e19": 1
  }
},
{
  "_id": {
    "$oid": "646f42fba99dd3016d147ab4"
  },
  "name": "Jamerson Peter",
  "phoneNumber": "445563213232456",
  "order": {
    "6465e75f82627d9259c39e15": 1,
    "6465e75f82627d9259c39e17": 1
  }
},
{
  "_id": "6469527f33f11363e4b6a540",
  "name": "Hann32  Polygot",
  "phoneNumber": "123232432255",
  "order": {
    "6465e75f82627d9259c39e1a": 7
  }
},
{
  "_id": {
    "$oid": "6479b47abc78a22140e05c00"
  },
  "name": "Hassan  Shukran",
  "phoneNumber": "123232432255",
  "order": {
    "6465e75f82627d9259c39e1a": 4
  }
},
{
  "_id": {
    "$oid": "6479b4c08a3e735ddc70be01"
  },
  "name": "Hassan  Shukran",
  "phoneNumber": "123232432255",
  "order": {
    "6465e75f82627d9259c39e1a": 4
  }
},
{
  "_id": {
    "$oid": "6479b57a45bb9c6178a7860d"
  },
  "name": "Hassan  Shukran",
  "phoneNumber": "123232432255",
  "order": {
    "6465e75f82627d9259c39e1a": 4
  }
},
{
  "_id": {
    "$oid": "6479b58f5200804c1cbb1723"
  },
  "name": "Hassan  Shukran",
  "phoneNumber": "123232432255",
  "order": {
    "6465e75f82627d9259c39e1a": 4
  }
},
{
  "_id": {
    "$oid": "6479b5ec5aef86634414006f"
  },
  "name": "Hassan  Shukran",
  "phoneNumber": "123232432255",
  "order": {
    "6465e75f82627d9259c39e1a": 4
  }
},
{
  "_id": {
    "$oid": "6479b61455a94e60bc637b2b"
  },
  "name": "Hassan  Shukran",
  "phoneNumber": "123232432255",
  "order": {
    "6465e75f82627d9259c39e1a": 4
  }
}]